{
  "/content/SEEg-data/Healthy/S7  EO.edf": {
    "band_1": 0.26041666666666663,
    "band_2": 0.07931547619047619,
    "band_3": 0.04816919191919192,
    "band_4": 0.024771568130825355,
    "band_5": 0.01047312033397101,
    "band_6": 0.004739648943786293
  },
  "/content/SEEg-data/Healthy/S5  EO.edf": {
    "band_1": 0.26041666666666663,
    "band_2": 0.07931547619047619,
    "band_3": 0.04816919191919192,
    "band_4": 0.024771568130825355,
    "band_5": 0.01047312033397101,
    "band_6": 0.004739648943786293
  },
  "/content/SEEg-data/Healthy/S2  EO.edf": {
    "band_1": 0.26041666666666663,
    "band_2": 0.07931547619047619,
    "band_3": 0.04816919191919192,
    "band_4": 0.024771568130825355,
    "band_5": 0.01047312033397101,
    "band_6": 0.004739648943786293
  },
  "/content/SEEg-data/Healthy/S13  EC.edf": {
    "band_1": 0.26041666666666663,
    "band_2": 0.07931547619047619,
    "band_3": 0.04816919191919192,
    "band_4": 0.024771568130825355,
    "band_5": 0.01047312033397101,
    "band_6": 0.004739648943786293
  },
  "/content/SEEg-data/Healthy/S2 EC.edf": {
    "band_1": 0.26041666666666663,
    "band_2": 0.07931547619047619,
    "band_3": 0.04816919191919192,
    "band_4": 0.024771568130825355,
    "band_5": 0.01047312033397101,
    "band_6": 0.004739648943786293
  },
  "/content/SEEg-data/Healthy/S11  EO.edf": {
    "band_1": 0.26041666666666663,
    "band_2": 0.07931547619047619,
    "band_3": 0.04816919191919192,
    "band_4": 0.024771568130825355,
    "band_5": 0.01047312033397101,
    "band_6": 0.004739648943786293
  },
  "/content/SEEg-data/Healthy/S15  EC.edf": {
    "band_1": 0.26041666666666663,
    "band_2": 0.07931547619047619,
    "band_3": 0.04816919191919192,
    "band_4": 0.024771568130825355,
    "band_5": 0.01047312033397101,
    "band_6": 0.004739648943786293
  },
  "/content/SEEg-data/Healthy/S3  EC.edf": {
    "band_1": 0.26041666666666663,
    "band_2": 0.07931547619047619,
    "band_3": 0.04816919191919192,
    "band_4": 0.024771568130825355,
    "band_5": 0.01047312033397101,
    "band_6": 0.004739648943786293
  },
  "/content/SEEg-data/Healthy/S8  EC.edf": {
    "band_1": 0.26041666666666663,
    "band_2": 0.07931547619047619,
    "band_3": 0.04816919191919192,
    "band_4": 0.024771568130825355,
    "band_5": 0.01047312033397101,
    "band_6": 0.004739648943786293
  },
  "/content/SEEg-data/Healthy/S10  EC.edf": {
    "band_1": 0.26041666666666663,
    "band_2": 0.07931547619047619,
    "band_3": 0.04816919191919192,
    "band_4": 0.024771568130825355,
    "band_5": 0.01047312033397101,
    "band_6": 0.004739648943786293
  },
  "/content/SEEg-data/Healthy/S9  EO.edf": {
    "band_1": 0.26041666666666663,
    "band_2": 0.07931547619047619,
    "band_3": 0.04816919191919192,
    "band_4": 0.024771568130825355,
    "band_5": 0.01047312033397101,
    "band_6": 0.004739648943786293
  },
  "/content/SEEg-data/Healthy/S4  EO.edf": {
    "band_1": 0.26041666666666663,
    "band_2": 0.07931547619047619,
    "band_3": 0.04816919191919192,
    "band_4": 0.024771568130825355,
    "band_5": 0.01047312033397101,
    "band_6": 0.004739648943786293
  },
  "/content/SEEg-data/Healthy/S6  EO.edf": {
    "band_1": 0.26041666666666663,
    "band_2": 0.07931547619047619,
    "band_3": 0.04816919191919192,
    "band_4": 0.024771568130825355,
    "band_5": 0.01047312033397101,
    "band_6": 0.004739648943786293
  },
  "/content/SEEg-data/Healthy/S10  EO.edf": {
    "band_1": 0.26041666666666663,
    "band_2": 0.07931547619047619,
    "band_3": 0.04816919191919192,
    "band_4": 0.024771568130825355,
    "band_5": 0.01047312033397101,
    "band_6": 0.004739648943786293
  },
  "/content/SEEg-data/Healthy/S12  EC.edf": {
    "band_1": 0.26041666666666663,
    "band_2": 0.07931547619047619,
    "band_3": 0.04816919191919192,
    "band_4": 0.024771568130825355,
    "band_5": 0.01047312033397101,
    "band_6": 0.004739648943786293
  },
  "/content/SEEg-data/Healthy/S9  EC.edf": {
    "band_1": 0.26041666666666663,
    "band_2": 0.07931547619047619,
    "band_3": 0.04816919191919192,
    "band_4": 0.024771568130825355,
    "band_5": 0.01047312033397101,
    "band_6": 0.004739648943786293
  },
  "/content/SEEg-data/Healthy/S13  EO.edf": {
    "band_1": 0.26041666666666663,
    "band_2": 0.07931547619047619,
    "band_3": 0.04816919191919192,
    "band_4": 0.024771568130825355,
    "band_5": 0.01047312033397101,
    "band_6": 0.004739648943786293
  },
  "/content/SEEg-data/Healthy/S6  EC.edf": {
    "band_1": 0.26041666666666663,
    "band_2": 0.07931547619047619,
    "band_3": 0.04816919191919192,
    "band_4": 0.024771568130825355,
    "band_5": 0.01047312033397101,
    "band_6": 0.004739648943786293
  },
  "/content/SEEg-data/Healthy/S14  EO.edf": {
    "band_1": 0.26041666666666663,
    "band_2": 0.07931547619047619,
    "band_3": 0.04816919191919192,
    "band_4": 0.024771568130825355,
    "band_5": 0.01047312033397101,
    "band_6": 0.004739648943786293
  },
  "/content/SEEg-data/Healthy/S15  EO.edf": {
    "band_1": 0.26041666666666663,
    "band_2": 0.07931547619047619,
    "band_3": 0.04816919191919192,
    "band_4": 0.024771568130825355,
    "band_5": 0.01047312033397101,
    "band_6": 0.004739648943786293
  },
  "/content/SEEg-data/Healthy/S4  EC.edf": {
    "band_1": 0.26041666666666663,
    "band_2": 0.07931547619047619,
    "band_3": 0.04816919191919192,
    "band_4": 0.024771568130825355,
    "band_5": 0.01047312033397101,
    "band_6": 0.004739648943786293
  },
  "/content/SEEg-data/Healthy/S1 EC.edf": {
    "band_1": 0.26041666666666663,
    "band_2": 0.07931547619047619,
    "band_3": 0.04816919191919192,
    "band_4": 0.024771568130825355,
    "band_5": 0.01047312033397101,
    "band_6": 0.004739648943786293
  },
  "/content/SEEg-data/Healthy/S3  EO.edf": {
    "band_1": 0.26041666666666663,
    "band_2": 0.07931547619047619,
    "band_3": 0.04816919191919192,
    "band_4": 0.024771568130825355,
    "band_5": 0.01047312033397101,
    "band_6": 0.004739648943786293
  },
  "/content/SEEg-data/Healthy/S5  EC.edf": {
    "band_1": 0.26041666666666663,
    "band_2": 0.07931547619047619,
    "band_3": 0.04816919191919192,
    "band_4": 0.024771568130825355,
    "band_5": 0.01047312033397101,
    "band_6": 0.004739648943786293
  },
  "/content/SEEg-data/Healthy/S1 EO.edf": {
    "band_1": 0.26041666666666663,
    "band_2": 0.07931547619047619,
    "band_3": 0.04816919191919192,
    "band_4": 0.024771568130825355,
    "band_5": 0.01047312033397101,
    "band_6": 0.004739648943786293
  },
  "/content/SEEg-data/Healthy/S7  EC.edf": {
    "band_1": 0.26041666666666663,
    "band_2": 0.07931547619047619,
    "band_3": 0.04816919191919192,
    "band_4": 0.024771568130825355,
    "band_5": 0.01047312033397101,
    "band_6": 0.004739648943786293
  },
  "/content/SEEg-data/Healthy/S14  EC.edf": {
    "band_1": 0.26041666666666663,
    "band_2": 0.07931547619047619,
    "band_3": 0.04816919191919192,
    "band_4": 0.024771568130825355,
    "band_5": 0.01047312033397101,
    "band_6": 0.004739648943786293
  },
  "/content/SEEg-data/Healthy/S12  EO.edf": {
    "band_1": 0.26041666666666663,
    "band_2": 0.07931547619047619,
    "band_3": 0.04816919191919192,
    "band_4": 0.024771568130825355,
    "band_5": 0.01047312033397101,
    "band_6": 0.004739648943786293
  },
  "/content/SEEg-data/Healthy/S11  EC.edf": {
    "band_1": 0.26041666666666663,
    "band_2": 0.07931547619047619,
    "band_3": 0.04816919191919192,
    "band_4": 0.024771568130825355,
    "band_5": 0.01047312033397101,
    "band_6": 0.004739648943786293
  }
}