{
  "/content/SEEg-data/MDD/MDD S4 EO.edf": {
    "band_1": 0.26041666666666663,
    "band_2": 0.07931547619047619,
    "band_3": 0.04816919191919192,
    "band_4": 0.024771568130825355,
    "band_5": 0.01047312033397101,
    "band_6": 0.004739648943786293
  },
  "/content/SEEg-data/MDD/MDD S15 EO.edf": {
    "band_1": 0.26041666666666663,
    "band_2": 0.07931547619047619,
    "band_3": 0.04816919191919192,
    "band_4": 0.024771568130825355,
    "band_5": 0.01047312033397101,
    "band_6": 0.004739648943786293
  },
  "/content/SEEg-data/MDD/MDD W30 EO.edf": {
    "band_1": 0.26041666666666663,
    "band_2": 0.07931547619047619,
    "band_3": 0.04816919191919192,
    "band_4": 0.024771568130825355,
    "band_5": 0.01047312033397101,
    "band_6": 0.004739648943786293
  },
  "/content/SEEg-data/MDD/MDD S26 EC.edf": {
    "band_1": 0.26041666666666663,
    "band_2": 0.07931547619047619,
    "band_3": 0.04816919191919192,
    "band_4": 0.024771568130825355,
    "band_5": 0.01047312033397101,
    "band_6": 0.004739648943786293
  },
  "/content/SEEg-data/MDD/MDD S24 EC.edf": {
    "band_1": 0.26041666666666663,
    "band_2": 0.07931547619047619,
    "band_3": 0.04816919191919192,
    "band_4": 0.024771568130825355,
    "band_5": 0.01047312033397101,
    "band_6": 0.004739648943786293
  },
  "/content/SEEg-data/MDD/MDD S17 EC.edf": {
    "band_1": 0.26041666666666663,
    "band_2": 0.07931547619047619,
    "band_3": 0.04816919191919192,
    "band_4": 0.024771568130825355,
    "band_5": 0.01047312033397101,
    "band_6": 0.004739648943786293
  },
  "/content/SEEg-data/MDD/MDD S7 EC.edf": {
    "band_1": 0.26041666666666663,
    "band_2": 0.07931547619047619,
    "band_3": 0.04816919191919192,
    "band_4": 0.024771568130825355,
    "band_5": 0.01047312033397101,
    "band_6": 0.004739648943786293
  },
  "/content/SEEg-data/MDD/MDD S4 EC.edf": {
    "band_1": 0.26041666666666663,
    "band_2": 0.07931547619047619,
    "band_3": 0.04816919191919192,
    "band_4": 0.024771568130825355,
    "band_5": 0.01047312033397101,
    "band_6": 0.004739648943786293
  },
  "/content/SEEg-data/MDD/MDD S28 EC.edf": {
    "band_1": 0.26041666666666663,
    "band_2": 0.07931547619047619,
    "band_3": 0.04816919191919192,
    "band_4": 0.024771568130825355,
    "band_5": 0.01047312033397101,
    "band_6": 0.004739648943786293
  },
  "/content/SEEg-data/MDD/MDD S21 EC.edf": {
    "band_1": 0.26041666666666663,
    "band_2": 0.07931547619047619,
    "band_3": 0.04816919191919192,
    "band_4": 0.024771568130825355,
    "band_5": 0.01047312033397101,
    "band_6": 0.004739648943786293
  },
  "/content/SEEg-data/MDD/MDD S11 EC.edf": {
    "band_1": 0.26041666666666663,
    "band_2": 0.07931547619047619,
    "band_3": 0.04816919191919192,
    "band_4": 0.024771568130825355,
    "band_5": 0.01047312033397101,
    "band_6": 0.004739648943786293
  },
  "/content/SEEg-data/MDD/MDD S12 EO.edf": {
    "band_1": 0.26041666666666663,
    "band_2": 0.07931547619047619,
    "band_3": 0.04816919191919192,
    "band_4": 0.024771568130825355,
    "band_5": 0.01047312033397101,
    "band_6": 0.004739648943786293
  },
  "/content/SEEg-data/MDD/MDD S18 EC.edf": {
    "band_1": 0.26041666666666663,
    "band_2": 0.07931547619047619,
    "band_3": 0.04816919191919192,
    "band_4": 0.024771568130825355,
    "band_5": 0.01047312033397101,
    "band_6": 0.004739648943786293
  },
  "/content/SEEg-data/MDD/MDD S20 EO.edf": {
    "band_1": 0.26041666666666663,
    "band_2": 0.07931547619047619,
    "band_3": 0.04816919191919192,
    "band_4": 0.024771568130825355,
    "band_5": 0.01047312033397101,
    "band_6": 0.004739648943786293
  },
  "/content/SEEg-data/MDD/MDD S13 EO.edf": {
    "band_1": 0.26041666666666663,
    "band_2": 0.07931547619047619,
    "band_3": 0.04816919191919192,
    "band_4": 0.024771568130825355,
    "band_5": 0.01047312033397101,
    "band_6": 0.004739648943786293
  },
  "/content/SEEg-data/MDD/MDD S18 EO.edf": {
    "band_1": 0.26041666666666663,
    "band_2": 0.07931547619047619,
    "band_3": 0.04816919191919192,
    "band_4": 0.024771568130825355,
    "band_5": 0.01047312033397101,
    "band_6": 0.004739648943786293
  },
  "/content/SEEg-data/MDD/MDD S27 EO.edf": {
    "band_1": 0.26041666666666663,
    "band_2": 0.07931547619047619,
    "band_3": 0.04816919191919192,
    "band_4": 0.024771568130825355,
    "band_5": 0.01047312033397101,
    "band_6": 0.004739648943786293
  },
  "/content/SEEg-data/MDD/MDD S14 EC.edf": {
    "band_1": 0.26041666666666663,
    "band_2": 0.07931547619047619,
    "band_3": 0.04816919191919192,
    "band_4": 0.024771568130825355,
    "band_5": 0.01047312033397101,
    "band_6": 0.004739648943786293
  },
  "/content/SEEg-data/MDD/MDD W30 EC.edf": {
    "band_1": 0.26041666666666663,
    "band_2": 0.07931547619047619,
    "band_3": 0.04816919191919192,
    "band_4": 0.024771568130825355,
    "band_5": 0.01047312033397101,
    "band_6": 0.004739648943786293
  },
  "/content/SEEg-data/MDD/MDD S23 EO.edf": {
    "band_1": 0.26041666666666663,
    "band_2": 0.07931547619047619,
    "band_3": 0.04816919191919192,
    "band_4": 0.024771568130825355,
    "band_5": 0.01047312033397101,
    "band_6": 0.004739648943786293
  },
  "/content/SEEg-data/MDD/MDD S25 EC.edf": {
    "band_1": 0.26041666666666663,
    "band_2": 0.07931547619047619,
    "band_3": 0.04816919191919192,
    "band_4": 0.024771568130825355,
    "band_5": 0.01047312033397101,
    "band_6": 0.004739648943786293
  },
  "/content/SEEg-data/MDD/MDD S9 EC.edf": {
    "band_1": 0.26041666666666663,
    "band_2": 0.07931547619047619,
    "band_3": 0.04816919191919192,
    "band_4": 0.024771568130825355,
    "band_5": 0.01047312033397101,
    "band_6": 0.004739648943786293
  },
  "/content/SEEg-data/MDD/MDD S7 EO.edf": {
    "band_1": 0.26041666666666663,
    "band_2": 0.07931547619047619,
    "band_3": 0.04816919191919192,
    "band_4": 0.024771568130825355,
    "band_5": 0.01047312033397101,
    "band_6": 0.004739648943786293
  },
  "/content/SEEg-data/MDD/MDD S6 EC.edf": {
    "band_1": 0.26041666666666663,
    "band_2": 0.07931547619047619,
    "band_3": 0.04816919191919192,
    "band_4": 0.024771568130825355,
    "band_5": 0.01047312033397101,
    "band_6": 0.004739648943786293
  },
  "/content/SEEg-data/MDD/MDD S14 EO.edf": {
    "band_1": 0.26041666666666663,
    "band_2": 0.07931547619047619,
    "band_3": 0.04816919191919192,
    "band_4": 0.024771568130825355,
    "band_5": 0.01047312033397101,
    "band_6": 0.004739648943786293
  },
  "/content/SEEg-data/MDD/MDD S23 EC.edf": {
    "band_1": 0.26041666666666663,
    "band_2": 0.07931547619047619,
    "band_3": 0.04816919191919192,
    "band_4": 0.024771568130825355,
    "band_5": 0.01047312033397101,
    "band_6": 0.004739648943786293
  },
  "/content/SEEg-data/MDD/MDD S26 EO.edf": {
    "band_1": 0.26041666666666663,
    "band_2": 0.07931547619047619,
    "band_3": 0.04816919191919192,
    "band_4": 0.024771568130825355,
    "band_5": 0.01047312033397101,
    "band_6": 0.004739648943786293
  },
  "/content/SEEg-data/MDD/MDD S1 EO.edf": {
    "band_1": 0.26041666666666663,
    "band_2": 0.07931547619047619,
    "band_3": 0.04816919191919192,
    "band_4": 0.024771568130825355,
    "band_5": 0.01047312033397101,
    "band_6": 0.004739648943786293
  },
  "/content/SEEg-data/MDD/MDD S1 EC.edf": {
    "band_1": 0.26041666666666663,
    "band_2": 0.07931547619047619,
    "band_3": 0.04816919191919192,
    "band_4": 0.024771568130825355,
    "band_5": 0.01047312033397101,
    "band_6": 0.004739648943786293
  },
  "/content/SEEg-data/MDD/MDD S10 EC.edf": {
    "band_1": 0.26041666666666663,
    "band_2": 0.07931547619047619,
    "band_3": 0.04816919191919192,
    "band_4": 0.024771568130825355,
    "band_5": 0.01047312033397101,
    "band_6": 0.004739648943786293
  },
  "/content/SEEg-data/MDD/MDD S24 EO.edf": {
    "band_1": 0.26041666666666663,
    "band_2": 0.07931547619047619,
    "band_3": 0.04816919191919192,